Date,Country,Cumulative number of case(s),Number of deaths,Number recovered
2003,Germany,1,0,0
2003,Canada,8,2,0
2003,Singapore,20,0,0
2003,"Hong Kong SAR, China",95,1,0
2003,Switzerland,2,0,0
2003,Thailand,1,0,0
2003,Viet Nam,40,1,0
2003,Germany,2,0,0
2003,Canada,8,2,0
2003,China,0,0,0
2003,Singapore,23,0,0
2003,"Hong Kong SAR, China",123,1,0
2003,"Taiwan, China",3,0,0
2003,Thailand,1,0,0
2003,Viet Nam,57,1,0
2003,Slovenia,1,0,0
2003,United Kingdom,1,0,0
2003,Canada,8,2,0
2003,China,0,0,0
2003,Germany,1,0,0
2003,"Hong Kong SAR, China",150,5,0
2003,Singapore,31,0,0
2003,Slovenia,1,0,0
2003,Spain,1,0,0
2003,"Taiwan, China",3,0,0
2003,Thailand,1,0,0
2003,United Kingdom,1,0,0
2003,United States,11,0,0
2003,Viet Nam,56,2,0
2003,Canada,9,2,0
2003,China,0,0,0
2003,Germany,1,0,0
2003,"Hong Kong SAR, China",173,6,0
2003,Singapore,34,0,0
2003,Slovenia,1,0,0
2003,Spain,1,0,0
2003,Switzerland,7,0,0
2003,"Taiwan, China",4,0,0
2003,Thailand,1,0,0
2003,United Kingdom,2,0,0
2003,United States,11,0,0
2003,Viet Nam,62,2,0
2003,Canada,9,2,0
2003,China,0,0,0
2003,Germany,1,0,0
2003,"Hong Kong SAR, China",203,6,0
2003,Italy,1,0,0
2003,Republic of Ireland,1,0,0
2003,Singapore,39,0,0
2003,Slovenia,1,0,0
2003,Spain,1,0,0
2003,Switzerland,7,0,0
2003,"Taiwan, China",6,0,0
2003,Thailand,4,0,0
2003,United Kingdom,2,0,0
2003,United States,13,0,0
2003,Viet Nam,62,2,0
2003,Canada,9,2,0
2003,China,0,0,0
2003,Germany,2,0,0
2003,"Hong Kong SAR, China",222,7,0
2003,Italy,2,0,0
2003,Republic of Ireland,1,0,0
2003,Singapore,44,0,0
2003,Slovenia,1,0,0
2003,Spain,1,0,0
2003,Switzerland,7,0,0
2003,"Taiwan, China",6,0,0
2003,Thailand,4,0,0
2003,United Kingdom,2,0,0
2003,United States,22,0,0
2003,Viet Nam,63,2,0
2003,Canada,11,3,0
2003,China,0,0,0
2003,France,1,0,0
2003,Germany,4,0,0
2003,"Hong Kong SAR, China",260,10,0
2003,Italy,2,0,0
2003,Republic of Ireland,1,0,0
2003,Singapore,65,0,0
2003,Spain,1,0,0
2003,Switzerland,2,0,0
2003,"Taiwan, China",6,0,0
2003,Thailand,5,0,0
2003,United Kingdom,3,0,0
2003,United States,37,0,0
2003,Viet Nam,58,4,0
2003,Canada,11,3,0
2003,China,0,0,0
2003,France,1,0,0
2003,Germany,4,0,0
2003,"Hong Kong SAR, China",286,10,0
2003,Italy,2,0,0
2003,Republic of Ireland,1,0,0
2003,Singapore,69,0,0
2003,Switzerland,2,0,0
2003,"Taiwan, China",6,0,0
2003,Thailand,5,0,0
2003,United Kingdom,3,0,0
2003,United States,39,0,0
2003,Viet Nam,58,4,0
2003,Canada,19,3,0
2003,China,792,31,0
2003,"Hong Kong SAR, China",316,10,0
2003,"Taiwan, China",6,0,0
2003,France,1,0,0
2003,Germany,4,0,0
2003,Italy,3,0,0
2003,Republic of Ireland,2,0,0
2003,Singapore,74,1,0
2003,Switzerland,2,0,0
2003,Thailand,3,0,0
2003,United Kingdom,3,0,0
2003,United States,40,0,0
2003,Viet Nam,58,4,0
2003,Canada,28,3,0
2003,China,806,34,0
2003,"Hong Kong SAR, China",367,10,0
2003,"Taiwan, China",6,0,0
2003,France,1,0,0
2003,Germany,4,0,0
2003,Italy,2,0,0
2003,Republic of Ireland,2,0,0
2003,Romania,3,0,0
2003,Singapore,78,2,0
2003,Switzerland,2,0,0
2003,Thailand,3,0,0
2003,United Kingdom,3,0,0
2003,United States,45,0,0
2003,Viet Nam,58,4,0
2003,Canada,29,3,0
2003,China,806,34,0
2003,"Hong Kong SAR, China",425,10,0
2003,"Taiwan, China",10,0,0
2003,France,1,0,0
2003,Germany,4,0,0
2003,Italy,2,0,0
2003,Republic of Ireland,2,0,0
2003,Romania,3,0,0
2003,Singapore,86,2,0
2003,Switzerland,2,0,0
2003,Thailand,3,0,0
2003,United Kingdom,3,0,0
2003,United States,51,0,0
2003,Viet Nam,58,4,0
2003,Canada,37,3,0
2003,China,806,34,0
2003,"Hong Kong SAR, China",470,10,0
2003,"Taiwan, China",10,0,0
2003,France,1,0,0
2003,Germany,4,0,0
2003,Italy,2,0,0
2003,Republic of Ireland,2,0,0
2003,Romania,3,0,0
2003,Singapore,89,2,0
2003,Switzerland,3,0,0
2003,Thailand,3,1,0
2003,United Kingdom,3,0,0
2003,United States,59,0,0
2003,Viet Nam,58,4,0
2003,Canada,44,4,0
2003,China,806,34,0
2003,"Hong Kong SAR, China",530,13,0
2003,"Taiwan, China",10,0,0
2003,France,1,0,0
2003,Germany,5,0,0
2003,Italy,2,0,0
2003,Republic of Ireland,2,0,0
2003,Romania,3,0,0
2003,Singapore,91,2,0
2003,Switzerland,3,0,0
2003,Thailand,5,1,0
2003,United Kingdom,3,0,0
2003,United States,59,0,0
2003,Viet Nam,58,4,0
2003,Australia,1,0,0
2003,Belgium,1,0,0
2003,Canada,53,4,0
2003,China,806,34,0
2003,"Hong Kong SAR, China",685,16,0
2003,"Taiwan, China",13,0,0
2003,France,1,0,0
2003,Germany,5,0,0
2003,Italy,3,0,0
2003,Republic of Ireland,2,0,0
2003,Romania,3,0,0
2003,Singapore,92,3,0
2003,Switzerland,3,0,0
2003,Thailand,6,1,0
2003,United Kingdom,3,0,0
2003,United States,69,0,0
2003,Viet Nam,58,4,0
2003,Australia,1,0,0
2003,Belgium,1,0,0
2003,Canada,58,6,0
2003,China,1190,46,0
2003,"Hong Kong SAR, China",708,16,0
2003,"Taiwan, China",13,0,0
2003,France,1,0,0
2003,Germany,5,0,0
2003,Italy,3,0,0
2003,Republic of Ireland,2,0,0
2003,Romania,3,0,0
2003,Singapore,95,4,0
2003,Spain,1,0,0
2003,Switzerland,2,0,0
2003,Thailand,7,2,0
2003,United Kingdom,3,0,0
2003,United States,72,0,0
2003,Viet Nam,58,4,0
2003,Australia,1,0,0
2003,Belgium,1,0,0
2003,Brazil,1,0,0
2003,Canada,62,6,0
2003,China,1190,46,0
2003,"Hong Kong SAR, China",734,17,0
2003,"Taiwan, China",14,0,0
2003,France,3,0,0
2003,Germany,5,0,0
2003,Italy,3,0,0
2003,Republic of Ireland,1,0,0
2003,Romania,1,0,0
2003,Singapore,98,4,0
2003,Switzerland,2,0,0
2003,Thailand,7,2,0
2003,United Kingdom,3,0,0
2003,United States,85,0,0
2003,Viet Nam,59,4,0
2003,Australia,1,0,0
2003,Belgium,1,0,0
2003,Brazil,1,0,0
2003,Canada,69,7,0
2003,China,1220,49,0
2003,"Hong Kong SAR, China",761,17,0
2003,"Taiwan, China",15,0,0
2003,France,3,0,0
2003,Germany,5,0,0
2003,Italy,3,0,0
2003,Republic of Ireland,1,0,0
2003,Romania,1,0,0
2003,Singapore,100,5,0
2003,Spain,1,0,0
2003,Switzerland,2,0,0
2003,Thailand,7,2,0
2003,United Kingdom,3,0,0
2003,United States,100,0,0
2003,Viet Nam,59,4,0
2003,Australia,1,0,0
2003,Belgium,1,0,0
2003,Brazil,1,0,0
2003,Canada,74,7,0
2003,China,1220,49,0
2003,"Hong Kong SAR, China",800,20,0
2003,"Taiwan, China",17,0,0
2003,France,3,0,0
2003,Germany,5,0,0
2003,Italy,3,0,0
2003,Malaysia,1,1,0
2003,Republic of Ireland,1,0,0
2003,Romania,1,0,0
2003,Singapore,101,6,0
2003,Spain,1,0,0
2003,Switzerland,1,0,0
2003,Thailand,7,2,0
2003,United Kingdom,4,0,0
2003,United States,115,0,0
2003,Viet Nam,59,4,0
2003,Australia,1,0,0
2003,Brazil,1,0,0
2003,Canada,90,9,0
2003,China,1268,53,0
2003,"Hong Kong SAR, China",883,23,0
2003,"Taiwan, China",21,0,0
2003,France,3,0,0
2003,Germany,5,0,0
2003,Italy,3,0,0
2003,Malaysia,1,1,0
2003,Republic of Ireland,1,0,0
2003,Romania,1,0,0
2003,Singapore,106,6,0
2003,Spain,1,0,0
2003,Switzerland,1,0,0
2003,Thailand,7,2,0
2003,United Kingdom,5,0,0
2003,United States,141,0,0
2003,Viet Nam,62,4,0
2003,Australia,1,0,0
2003,Brazil,1,0,0
2003,Canada,91,10,0
2003,China,1279,53,0
2003,"Hong Kong SAR, China",928,25,0
2003,"Taiwan, China",19,0,0
2003,France,4,0,0
2003,Germany,5,0,0
2003,Italy,3,0,0
2003,Malaysia,1,1,0
2003,Republic of Ireland,1,0,0
2003,Romania,1,0,0
2003,Singapore,113,8,0
2003,Spain,1,0,0
2003,Switzerland,1,0,0
2003,Thailand,7,2,0
2003,United Kingdom,5,0,0
2003,United States,148,0,0
2003,Viet Nam,62,4,0
2003,Brazil,1,0,0
2003,Canada,94,10,0
2003,China,1280,53,0
2003,"Hong Kong SAR, China",970,27,0
2003,"Taiwan, China",19,0,0
2003,France,4,0,0
2003,Germany,5,0,0
2003,Italy,3,0,0
2003,Malaysia,1,1,0
2003,Republic of Ireland,1,0,0
2003,Romania,1,0,0
2003,Singapore,118,9,0
2003,Spain,1,0,0
2003,Switzerland,1,0,0
2003,Thailand,7,2,0
2003,United Kingdom,5,0,0
2003,United States,149,0,0
2003,Viet Nam,62,4,0
2003,Brazil,2,0,0
2003,Canada,97,10,22
2003,China,1290,55,1025
2003,"Hong Kong SAR, China",998,30,154
2003,"Taiwan, China",19,0,5
2003,France,4,0,0
2003,Germany,6,0,2
2003,Italy,3,0,1
2003,Kuwait,1,0,0
2003,Malaysia,3,1,0
2003,Republic of Ireland,1,0,1
2003,Romania,1,0,0
2003,Singapore,126,9,75
2003,Spain,1,0,0
2003,Switzerland,1,0,1
2003,Thailand,7,2,5
2003,United Kingdom,5,0,3
2003,United States,154,0,0
2003,Viet Nam,62,4,43
2003,Brazil,2,0,0
2003,Canada,98,10,25
2003,China,1309,58,1037
2003,"Hong Kong SAR, China",1059,32,169
2003,"Taiwan, China",21,0,6
2003,France,5,0,0
2003,Germany,6,0,4
2003,Italy,3,0,2
2003,Japan,4,0,0
2003,Kuwait,1,0,0
2003,Malaysia,4,1,0
2003,Republic of Ireland,1,0,1
2003,Romania,1,0,0
2003,Singapore,133,9,77
2003,South Africa,1,0,0
2003,Spain,1,0,0
2003,Switzerland,1,0,1
2003,Thailand,7,2,5
2003,United Kingdom,5,0,3
2003,United States,166,0,0
2003,Viet Nam,62,4,43
2003,Brazil,2,0,0
2003,Canada,101,10,26
2003,China,1309,58,1037
2003,"Hong Kong SAR, China",1108,35,215
2003,"Taiwan, China",23,0,7
2003,France,5,0,1
2003,Germany,6,0,4
2003,Italy,3,0,2
2003,Japan,4,0,0
2003,Kuwait,1,0,0
2003,Malaysia,4,1,0
2003,Republic of Ireland,1,0,1
2003,Romania,1,0,0
2003,Singapore,147,9,77
2003,South Africa,1,0,0
2003,Spain,1,0,0
2003,Switzerland,1,0,1
2003,Thailand,8,2,5
2003,United Kingdom,6,0,3
2003,United States,166,0,0
2003,China,62,4,46
2003,Brazil,2,0,0
2003,Canada,100,13,27
2003,China,1418,64,1088
2003,"Hong Kong SAR, China",1190,47,229
2003,"Taiwan, China",23,0,7
2003,France,5,0,1
2003,Germany,6,0,4
2003,Indonesia,1,0,0
2003,Italy,3,0,2
2003,Kuwait,1,0,0
2003,Malaysia,4,1,0
2003,Philippines,1,0,1
2003,Republic of Ireland,1,0,1
2003,Romania,1,0,0
2003,Singapore,158,12,84
2003,South Africa,1,0,0
2003,Spain,1,0,0
2003,Sweden,1,0,0
2003,Switzerland,1,0,1
2003,Thailand,8,2,5
2003,United Kingdom,6,0,3
2003,United States,174,0,0
2003,Viet Nam,63,5,46
2003,Brazil,2,0,0
2003,Canada,100,13,27
2003,China,1418,64,1088
2003,"Hong Kong SAR, China",1232,56,243
2003,"Taiwan, China",23,0,7
2003,France,5,0,1
2003,Germany,6,0,4
2003,Indonesia,1,0,0
2003,Italy,3,0,2
2003,Japan,1,0,0
2003,Kuwait,1,0,0
2003,Malaysia,4,1,0
2003,Philippines,1,0,1
2003,Republic of Ireland,1,0,1
2003,Romania,1,0,1
2003,Singapore,162,13,85
2003,South Africa,1,0,0
2003,Spain,1,0,0
2003,Sweden,1,0,0
2003,Switzerland,1,0,1
2003,Thailand,8,2,5
2003,United Kingdom,6,0,3
2003,United States,193,0,0
2003,Viet Nam,63,5,46
2003,Brazil,2,0,0
2003,Canada,103,13,37
2003,China,1432,64,1094
2003,"Hong Kong SAR, China",1268,61,257
2003,"Taiwan, China",27,0,10
2003,France,5,0,1
2003,Germany,6,0,4
2003,Indonesia,1,0,0
2003,Italy,3,0,2
2003,Japan,1,0,0
2003,Kuwait,1,0,0
2003,Malaysia,5,1,0
2003,Philippines,1,0,1
2003,Republic of Ireland,1,0,1
2003,Romania,1,0,1
2003,Singapore,162,13,85
2003,South Africa,1,0,0
2003,Spain,1,0,0
2003,Sweden,1,0,0
2003,Switzerland,1,0,1
2003,Thailand,8,2,5
2003,United Kingdom,6,0,3
2003,United States,193,0,0
2003,Viet Nam,63,5,46
2003,Australia,3,0,3
2003,Brazil,2,0,0
2003,Canada,126,12,46
2003,China,1457,65,1107
2003,"Hong Kong SAR, China",1297,65,272
2003,"Taiwan, China",27,0,10
2003,France,5,0,1
2003,Germany,6,0,4
2003,India,1,0,0
2003,Indonesia,1,0,0
2003,Italy,3,0,2
2003,Japan,2,0,0
2003,Kuwait,1,0,0
2003,Malaysia,5,1,0
2003,Mongolia,3,0,3
2003,Philippines,1,0,1
2003,Republic of Ireland,1,0,1
2003,Romania,1,0,1
2003,Singapore,167,15,91
2003,South Africa,1,0,0
2003,Spain,1,0,0
2003,Sweden,1,0,0
2003,Switzerland,1,0,1
2003,Thailand,8,2,5
2003,United Kingdom,6,0,3
2003,United States,199,0,0
2003,Viet Nam,63,5,46
2003,Australia,3,0,3
2003,Brazil,2,0,0
2003,Canada,132,12,54
2003,China,1512,65,1140
2003,"Hong Kong SAR, China",1358,81,363
2003,"Taiwan, China",29,0,17
2003,France,5,0,1
2003,Germany,6,0,4
2003,India,1,0,1
2003,Indonesia,1,0,0
2003,Italy,3,0,2
2003,Japan,4,0,0
2003,Kuwait,1,0,0
2003,Malaysia,5,1,0
2003,Mongolia,3,0,3
2003,Philippines,1,0,1
2003,Republic of Ireland,1,0,1
2003,Romania,1,0,1
2003,Singapore,177,16,100
2003,South Africa,1,0,0
2003,Spain,1,0,0
2003,Sweden,3,0,0
2003,Switzerland,1,0,1
2003,Thailand,7,2,6
2003,United Kingdom,6,0,5
2003,United States,220,0,0
2003,Viet Nam,63,5,46
2003,Australia,3,0,3
2003,Brazil,2,0,0
2003,Canada,132,12,54
2003,China,1512,65,1140
2003,"Hong Kong SAR, China",1358,81,363
2003,"Taiwan, China",29,0,17
2003,France,5,0,1
2003,Germany,6,0,4
2003,India,1,0,1
2003,Indonesia,1,0,0
2003,Italy,3,0,2
2003,Japan,4,0,0
2003,Kuwait,1,0,0
2003,Malaysia,5,1,0
2003,Mongolia,3,0,3
2003,Philippines,1,0,1
2003,Republic of Ireland,1,0,1
2003,Romania,1,0,1
2003,Singapore,177,16,100
2003,South Africa,1,0,0
2003,Spain,1,0,0
2003,Sweden,3,0,0
2003,Switzerland,1,0,1
2003,Thailand,7,2,6
2003,United Kingdom,6,0,5
2003,United States,220,0,0
2003,Viet Nam,63,5,46
2003,Australia,3,0,3
2003,Brazil,2,0,0
2003,Canada,132,12,54
2003,China,1959,86,1187
2003,"Hong Kong SAR, China",1402,94,436
2003,"Taiwan, China",29,0,17
2003,France,5,0,1
2003,Germany,6,0,4
2003,India,1,0,1
2003,Indonesia,1,0,0
2003,Italy,3,0,2
2003,Japan,5,0,0
2003,Kuwait,1,0,1
2003,Malaysia,6,1,0
2003,Mongolia,3,0,3
2003,Philippines,2,1,1
2003,Republic of Ireland,1,0,1
2003,Romania,1,0,1
2003,Singapore,178,16,104
2003,South Africa,1,0,0
2003,Spain,1,0,0
2003,Sweden,3,0,0
2003,Switzerland,1,0,1
2003,Thailand,7,2,5
2003,United Kingdom,6,0,5
2003,United States,39,0,0
2003,Viet Nam,63,5,46
2003,Australia,3,0,3
2003,Brazil,2,0,0
2003,Canada,139,13,65
2003,China,2001,92,1201
2003,"Hong Kong SAR, China",1434,99,461
2003,"Taiwan, China",29,0,21
2003,France,5,0,1
2003,Germany,7,0,6
2003,India,1,0,1
2003,Indonesia,1,0,0
2003,Italy,3,0,2
2003,Japan,2,0,0
2003,Kuwait,1,0,1
2003,Malaysia,6,1,0
2003,Mongolia,3,0,3
2003,Philippines,2,1,1
2003,Republic of Ireland,1,0,1
2003,Romania,1,0,1
2003,Singapore,186,16,110
2003,South Africa,1,0,0
2003,Spain,1,0,0
2003,Sweden,3,0,0
2003,Switzerland,1,0,1
2003,Thailand,7,2,5
2003,United Kingdom,6,0,5
2003,United States,38,0,0
2003,Viet Nam,63,5,46
2003,Australia,4,0,3
2003,Brazil,2,0,0
2003,Canada,140,13,65
2003,China,2305,106,1231
2003,"Hong Kong SAR, China",1458,105,522
2003,"Taiwan, China",37,0,21
2003,France,5,0,1
2003,Germany,7,0,6
2003,India,1,0,1
2003,Indonesia,1,0,0
2003,Italy,3,0,2
2003,Japan,2,0,0
2003,Kuwait,1,0,1
2003,Malaysia,5,2,2
2003,Mongolia,3,0,3
2003,Philippines,2,1,1
2003,Republic of Ireland,1,0,1
2003,Romania,1,0,1
2003,Singapore,189,17,114
2003,South Africa,1,0,0
2003,Spain,1,0,0
2003,Sweden,3,0,0
2003,Switzerland,1,0,1
2003,Thailand,7,2,5
2003,United Kingdom,6,0,5
2003,United States,39,0,0
2003,Viet Nam,63,5,46
2003,Brazil,2,0,2
2003,Bulgaria,1,0,0
2003,Canada,140,15,67
2003,China,2422,110,1254
2003,"Hong Kong SAR, China",1488,109,567
2003,"Taiwan, China",37,0,21
2003,France,5,0,1
2003,Germany,7,0,6
2003,India,1,0,1
2003,Indonesia,1,0,1
2003,Italy,4,0,3
2003,Japan,2,0,0
2003,Kuwait,1,0,1
2003,Malaysia,5,2,2
2003,Mongolia,3,0,3
2003,Philippines,2,1,1
2003,Republic of Ireland,1,0,1
2003,Romania,1,0,1
2003,Singapore,192,19,118
2003,South Africa,1,0,0
2003,Spain,1,0,1
2003,Sweden,3,0,2
2003,Switzerland,1,0,1
2003,Thailand,8,2,5
2003,United Kingdom,6,0,6
2003,United States,37,0,0
2003,Viet Nam,63,5,49
2003,Brazil,2,0,2
2003,Bulgaria,1,0,0
2003,Canada,140,15,74
2003,China,2601,115,1277
2003,"Hong Kong SAR, China",1510,115,614
2003,"Taiwan, China",41,0,21
2003,France,5,0,1
2003,Germany,7,0,6
2003,India,1,0,1
2003,Indonesia,1,0,1
2003,Italy,4,0,3
2003,Japan,2,0,0
2003,Kuwait,1,0,1
2003,Malaysia,5,2,2
2003,Mongolia,3,0,3
2003,Philippines,2,1,1
2003,Republic of Ireland,1,0,1
2003,Romania,1,0,1
2003,Singapore,195,19,126
2003,South Africa,1,0,0
2003,Spain,1,0,1
2003,Sweden,3,0,2
2003,Switzerland,1,0,1
2003,Thailand,8,2,5
2003,United Kingdom,6,0,6
2003,United States,39,0,0
2003,Viet Nam,63,5,53
2003,Brazil,2,0,2
2003,Bulgaria,1,0,0
2003,Canada,142,18,77
2003,China,2753,122,1285
2003,"Hong Kong SAR, China",1527,121,632
2003,"Taiwan, China",49,0,25
2003,France,5,0,1
2003,Germany,7,0,6
2003,India,1,0,1
2003,Indonesia,1,0,1
2003,Italy,4,0,3
2003,Japan,2,0,0
2003,Kuwait,1,0,1
2003,Malaysia,5,2,2
2003,Mongolia,5,0,3
2003,Philippines,4,2,1
2003,Republic of Ireland,1,0,1
2003,Romania,1,0,1
2003,Singapore,198,21,126
2003,South Africa,1,0,0
2003,Spain,1,0,1
2003,Sweden,3,0,2
2003,Switzerland,1,0,1
2003,Thailand,7,2,5
2003,United Kingdom,6,0,6
2003,United States,41,0,0
2003,Viet Nam,63,5,53
2003,Brazil,2,0,2
2003,Bulgaria,1,0,0
2003,Canada,142,18,77
2003,China,2914,131,1299
2003,"Hong Kong SAR, China",1557,138,710
2003,"Taiwan, China",66,0,25
2003,France,5,0,1
2003,Germany,7,0,6
2003,India,1,0,1
2003,Indonesia,1,0,1
2003,Italy,8,0,3
2003,Japan,2,0,0
2003,Kuwait,1,0,1
2003,Malaysia,6,2,2
2003,Mongolia,5,0,3
2003,Philippines,4,2,1
2003,Republic of Ireland,1,0,1
2003,Romania,1,0,1
2003,Singapore,199,23,137
2003,South Africa,1,0,0
2003,Spain,1,0,1
2003,Sweden,3,0,2
2003,Switzerland,1,0,1
2003,Thailand,7,2,5
2003,United Kingdom,6,0,6
2003,United States,41,0,0
2003,Viet Nam,63,5,53
2003,Brazil,2,0,2
2003,Bulgaria,1,0,0
2003,Canada,146,20,86
2003,China,3303,148,1322
2003,"Hong Kong SAR, China",1572,150,759
2003,"Taiwan, China",66,0,25
2003,France,5,0,1
2003,Germany,7,0,6
2003,India,1,0,1
2003,Indonesia,1,0,1
2003,Italy,9,0,4
2003,Japan,2,0,0
2003,Kuwait,1,0,1
2003,Malaysia,6,2,3
2003,Mongolia,5,0,3
2003,Philippines,4,2,1
2003,Republic of Ireland,1,0,1
2003,Republic of Korea,1,0,0
2003,Romania,1,0,1
2003,Singapore,201,24,139
2003,South Africa,1,0,0
2003,Spain,1,0,1
2003,Sweden,3,0,2
2003,Switzerland,1,0,1
2003,Thailand,7,2,5
2003,United Kingdom,6,0,6
2003,United States,41,0,0
2003,Viet Nam,63,5,53
2003,Brazil,2,0,2
2003,Bulgaria,1,0,0
2003,Canada,148,20,87
2003,China,3460,159,1332
2003,"Hong Kong SAR, China",1589,157,791
2003,"Macao SAR, China",1,0,0
2003,"Taiwan, China",78,1,25
2003,France,5,0,1
2003,Germany,7,0,7
2003,Indonesia,2,0,1
2003,Italy,9,0,4
2003,Japan,2,0,0
2003,Kuwait,1,0,1
2003,Malaysia,6,2,3
2003,Mongolia,6,0,3
2003,Philippines,4,2,1
2003,Republic of Ireland,1,0,1
2003,Republic of Korea,1,0,0
2003,Romania,1,0,1
2003,Singapore,201,24,139
2003,South Africa,1,0,0
2003,Spain,1,0,1
2003,Sweden,3,0,2
2003,Switzerland,1,0,1
2003,Thailand,7,2,5
2003,United Kingdom,6,0,6
2003,United States,52,0,0
2003,Viet Nam,63,5,53
2003,Brazil,2,0,2
2003,Bulgaria,1,0,0
2003,Canada,147,20,87
2003,China,3638,170,1351
2003,"Hong Kong SAR, China",1600,162,834
2003,"Macao SAR, China",1,0,0
2003,"Taiwan, China",89,3,25
2003,France,5,0,1
2003,Germany,7,0,7
2003,Indonesia,2,0,1
2003,Italy,9,0,4
2003,Japan,2,0,0
2003,Kuwait,1,0,1
2003,Malaysia,6,2,3
2003,Mongolia,6,0,3
2003,Philippines,4,2,1
2003,Poland,1,0,0
2003,Republic of Ireland,1,0,1
2003,Republic of Korea,1,0,0
2003,Romania,1,0,1
2003,Singapore,201,25,143
2003,South Africa,1,0,0
2003,Spain,1,0,1
2003,Sweden,3,0,2
2003,Switzerland,1,0,1
2003,Thailand,7,2,5
2003,United Kingdom,6,0,6
2003,United States,54,0,23
2003,Viet Nam,63,5,56
2003,Brazil,2,0,2
2003,Bulgaria,1,0,0
2003,Canada,149,22,93
2003,China,3799,181,1372
2003,"Hong Kong SAR, China",1611,170,878
2003,"Macao SAR, China",1,0,0
2003,"Taiwan, China",100,8,25
2003,France,5,0,4
2003,Germany,7,0,7
2003,Indonesia,2,0,1
2003,Italy,9,0,4
2003,Kuwait,1,0,1
2003,Malaysia,6,2,3
2003,Mongolia,8,0,4
2003,New Zealand,1,0,1
2003,Philippines,3,2,1
2003,Poland,1,0,0
2003,Republic of Ireland,1,0,1
2003,Republic of Korea,1,0,0
2003,Romania,1,0,1
2003,Singapore,203,25,146
2003,South Africa,1,0,0
2003,Spain,1,0,1
2003,Sweden,3,0,2
2003,Switzerland,1,0,1
2003,Thailand,7,2,5
2003,United Kingdom,6,0,6
2003,United States,56,0,24
2003,Viet Nam,63,5,56
2003,Brazil,2,0,2
2003,Bulgaria,1,0,0
2003,Canada,149,22,94
2003,China,3971,190,1406
2003,"Hong Kong SAR, China",1621,179,898
2003,"Macao SAR, China",1,0,0
2003,"Taiwan, China",100,8,25
2003,France,5,0,4
2003,Germany,7,0,7
2003,Indonesia,2,0,1
2003,Italy,9,0,4
2003,Kuwait,1,0,1
2003,Malaysia,6,2,3
2003,Mongolia,8,0,4
2003,New Zealand,1,0,1
2003,Philippines,3,2,1
2003,Poland,1,0,0
2003,Republic of Ireland,1,0,1
2003,Republic of Korea,1,0,0
2003,Romania,1,0,1
2003,Singapore,203,25,147
2003,South Africa,1,0,1
2003,Spain,1,0,1
2003,Sweden,3,0,2
2003,Switzerland,1,0,1
2003,Thailand,7,2,5
2003,United Kingdom,6,0,6
2003,United States,54,0,24
2003,Viet Nam,63,5,58
2003,Brazil,2,0,2
2003,Bulgaria,1,0,0
2003,Canada,148,22,93
2003,China,4280,206,1433
2003,"Hong Kong SAR, China",1637,187,930
2003,"Macao SAR, China",1,0,0
2003,"Taiwan, China",116,8,25
2003,France,5,0,4
2003,Germany,7,0,7
2003,Indonesia,2,0,1
2003,Italy,9,0,4
2003,Kuwait,1,0,1
2003,Malaysia,7,2,4
2003,Mongolia,8,0,4
2003,New Zealand,1,0,1
2003,Philippines,3,2,1
2003,Poland,1,0,0
2003,Republic of Ireland,1,0,1
2003,Republic of Korea,1,0,0
2003,Romania,1,0,1
2003,Singapore,204,26,149
2003,South Africa,1,1,0
2003,Spain,1,0,1
2003,Sweden,3,0,2
2003,Switzerland,1,0,1
2003,Thailand,7,2,5
2003,United Kingdom,6,0,6
2003,United States,61,0,26
2003,Viet Nam,63,5,58
2003,Brazil,2,0,2
2003,Bulgaria,1,0,0
2003,Canada,148,22,93
2003,China,4409,214,1460
2003,"Hong Kong SAR, China",1646,193,958
2003,"Macao SAR, China",1,0,0
2003,"Taiwan, China",116,10,25
2003,Colombia,1,0,1
2003,France,5,0,4
2003,Germany,7,0,7
2003,India,1,0,0
2003,Indonesia,2,0,1
2003,Italy,9,0,4
2003,Kuwait,1,0,1
2003,Malaysia,7,2,4
2003,Mongolia,8,0,4
2003,New Zealand,1,0,1
2003,Philippines,3,2,1
2003,Poland,1,0,0
2003,Republic of Ireland,1,0,1
2003,Republic of Korea,1,0,0
2003,Romania,1,0,1
2003,Singapore,204,27,149
2003,South Africa,1,1,0
2003,Spain,1,0,1
2003,Sweden,3,0,2
2003,Switzerland,1,0,1
2003,Thailand,7,2,5
2003,United Kingdom,6,0,6
2003,United States,65,0,32
2003,Viet Nam,63,5,58
2003,Brazil,2,0,2
2003,Bulgaria,1,0,0
2003,Canada,146,22,93
2003,China,4560,219,1487
2003,"Hong Kong SAR, China",1654,204,984
2003,"Macao SAR, China",1,0,0
2003,"Taiwan, China",125,11,26
2003,Colombia,1,0,1
2003,France,6,0,4
2003,Germany,8,0,7
2003,India,1,0,0
2003,Indonesia,2,0,1
2003,Italy,9,0,5
2003,Kuwait,1,0,1
2003,Malaysia,7,2,4
2003,Mongolia,9,0,6
2003,New Zealand,1,0,1
2003,Philippines,10,2,2
2003,Poland,1,0,0
2003,Republic of Ireland,1,0,1
2003,Republic of Korea,1,0,0
2003,Romania,1,0,1
2003,Singapore,204,27,150
2003,South Africa,1,1,0
2003,Spain,1,0,1
2003,Sweden,3,0,2
2003,Switzerland,1,0,1
2003,Thailand,7,2,5
2003,United Kingdom,6,0,6
2003,United States,65,0,32
2003,Viet Nam,63,5,58
2003,Brazil,2,0,2
2003,Bulgaria,1,0,0
2003,Canada,146,22,95
2003,China,4698,224,1529
2003,"Hong Kong SAR, China",1661,208,1008
2003,"Macao SAR, China",1,0,0
2003,"Taiwan, China",131,13,26
2003,Colombia,1,0,1
2003,Finland,1,0,0
2003,France,6,0,4
2003,Germany,8,0,7
2003,India,1,0,0
2003,Indonesia,2,0,1
2003,Italy,9,0,6
2003,Kuwait,1,0,1
2003,Malaysia,7,2,4
2003,Mongolia,9,0,6
2003,New Zealand,1,0,1
2003,Philippines,10,2,2
2003,Poland,1,0,0
2003,Republic of Ireland,1,0,1
2003,Republic of Korea,1,0,1
2003,Romania,1,0,1
2003,Singapore,204,27,153
2003,South Africa,1,1,0
2003,Spain,1,0,1
2003,Sweden,3,0,2
2003,Switzerland,1,0,1
2003,Thailand,7,2,5
2003,United Kingdom,6,0,6
2003,United States,63,0,33
2003,Viet Nam,63,5,58
2003,Brazil,2,0,2
2003,Bulgaria,1,0,0
2003,Canada,145,22,94
2003,China,4805,230,1582
2003,"Hong Kong SAR, China",1667,210,1015
2003,"Macao SAR, China",1,0,0
2003,"Taiwan, China",149,13,26
2003,Colombia,1,0,1
2003,Finland,1,0,0
2003,France,6,0,4
2003,Germany,9,0,9
2003,India,1,0,0
2003,Indonesia,2,0,1
2003,Italy,9,0,9
2003,Kuwait,1,0,1
2003,Malaysia,6,2,4
2003,Mongolia,9,0,6
2003,New Zealand,1,0,1
2003,Philippines,10,2,2
2003,Poland,1,0,0
2003,Republic of Ireland,1,0,1
2003,Republic of Korea,1,0,1
2003,Romania,1,0,1
2003,Singapore,204,27,153
2003,South Africa,1,1,0
2003,Spain,1,0,1
2003,Sweden,3,0,2
2003,Switzerland,1,0,1
2003,Thailand,7,2,5
2003,United Kingdom,6,0,6
2003,United States,63,0,33
2003,Viet Nam,63,5,58
2003,Brazil,2,0,2
2003,Bulgaria,1,0,0
2003,Canada,145,22,97
2003,China,4884,235,1620
2003,"Hong Kong SAR, China",1674,212,1035
2003,"Macao SAR, China",1,0,0
2003,"Taiwan, China",172,18,26
2003,Colombia,1,0,1
2003,Finland,1,0,0
2003,France,7,0,4
2003,Germany,9,0,9
2003,India,1,0,0
2003,Indonesia,2,0,1
2003,Italy,9,0,9
2003,Kuwait,1,0,1
2003,Malaysia,7,2,4
2003,Mongolia,9,0,6
2003,New Zealand,1,0,1
2003,Philippines,10,2,2
2003,Poland,1,0,0
2003,Republic of Ireland,1,0,1
2003,Republic of Korea,1,0,1
2003,Romania,1,0,1
2003,Singapore,205,27,155
2003,South Africa,1,1,0
2003,Spain,1,0,1
2003,Sweden,3,0,2
2003,Switzerland,1,0,1
2003,Thailand,7,2,5
2003,United Kingdom,6,0,6
2003,United States,64,0,34
2003,Viet Nam,63,5,58
2003,Brazil,2,0,2
2003,Bulgaria,1,0,0
2003,Canada,143,22,98
2003,China,5013,252,1693
2003,"Hong Kong SAR, China",1683,218,1066
2003,"Macao SAR, China",1,0,0
2003,"Taiwan, China",184,20,26
2003,Colombia,1,0,1
2003,Finland,1,0,0
2003,France,7,0,4
2003,Germany,9,0,9
2003,India,1,0,0
2003,Indonesia,2,0,1
2003,Italy,9,0,8
2003,Kuwait,1,0,1
2003,Malaysia,7,2,4
2003,Mongolia,9,0,6
2003,New Zealand,1,0,1
2003,Philippines,10,2,3
2003,Poland,1,0,0
2003,Republic of Ireland,1,0,1
2003,Republic of Korea,2,0,1
2003,Romania,1,0,1
2003,Singapore,205,28,156
2003,South Africa,1,1,0
2003,Spain,1,0,1
2003,Sweden,3,0,2
2003,Switzerland,1,0,1
2003,Thailand,7,2,5
2003,United Kingdom,6,0,6
2003,United States,64,0,34
2003,Viet Nam,63,5,58
2003,Brazil,2,0,2
2003,Bulgaria,1,0,0
2003,Canada,143,22,99
2003,China,5086,262,1765
2003,"Hong Kong SAR, China",1689,225,1090
2003,"Macao SAR, China",1,0,0
2003,"Taiwan, China",207,24,30
2003,Colombia,1,0,1
2003,Finland,1,0,0
2003,France,7,0,4
2003,Germany,9,0,9
2003,India,3,0,0
2003,Indonesia,2,0,1
2003,Italy,9,0,9
2003,Kuwait,1,0,1
2003,Malaysia,7,2,4
2003,Mongolia,9,0,6
2003,New Zealand,1,0,1
2003,Philippines,10,2,3
2003,Republic of Ireland,1,0,1
2003,Republic of Korea,2,0,1
2003,Romania,1,0,1
2003,Singapore,205,28,157
2003,South Africa,1,1,0
2003,Spain,1,0,1
2003,Sweden,3,0,3
2003,Switzerland,1,0,1
2003,Thailand,7,2,5
2003,United Kingdom,4,0,4
2003,United States,64,0,35
2003,Viet Nam,63,5,58
2003,Brazil,2,0,2
2003,Bulgaria,1,0,0
2003,Canada,143,23,104
2003,China,5124,267,1811
2003,"Hong Kong SAR, China",1698,227,1128
2003,"Macao SAR, China",1,0,0
2003,"Taiwan, China",238,30,38
2003,Colombia,1,0,1
2003,Finland,1,0,0
2003,France,7,0,4
2003,Germany,9,0,9
2003,India,3,0,0
2003,Indonesia,2,0,2
2003,Italy,9,0,9
2003,Kuwait,1,0,1
2003,Malaysia,7,2,5
2003,Mongolia,9,0,6
2003,New Zealand,1,0,1
2003,Philippines,10,2,3
2003,Republic of Ireland,1,0,1
2003,Republic of Korea,3,0,1
2003,Romania,1,0,1
2003,Singapore,205,28,157
2003,South Africa,1,1,0
2003,Spain,1,0,1
2003,Sweden,3,0,3
2003,Switzerland,1,0,1
2003,Thailand,8,2,5
2003,United Kingdom,4,0,4
2003,United States,64,0,35
2003,Viet Nam,63,5,58
2003,Brazil,2,0,2
2003,Bulgaria,1,0,0
2003,Canada,142,23,107
2003,China,5163,271,1858
2003,"Hong Kong SAR, China",1703,234,1160
2003,"Macao SAR, China",1,0,0
2003,"Taiwan, China",264,30,38
2003,Colombia,1,0,1
2003,Finland,1,0,0
2003,France,7,0,4
2003,Germany,9,0,9
2003,India,3,0,3
2003,Indonesia,2,0,2
2003,Italy,9,0,9
2003,Kuwait,1,0,1
2003,Malaysia,7,2,5
2003,Mongolia,9,0,7
2003,New Zealand,1,0,1
2003,Philippines,12,2,4
2003,Republic of Ireland,1,0,1
2003,Republic of Korea,3,0,1
2003,Romania,1,0,1
2003,Singapore,205,28,157
2003,South Africa,1,1,0
2003,Spain,1,0,1
2003,Sweden,3,0,3
2003,Switzerland,1,0,1
2003,Thailand,8,2,5
2003,United Kingdom,4,0,4
2003,United States,64,0,35
2003,Viet Nam,63,5,58
2003,Brazil,2,0,2
2003,Bulgaria,1,0,0
2003,Canada,140,23,106
2003,China,5191,275,1947
2003,"Hong Kong SAR, China",1706,238,1171
2003,"Macao SAR, China",1,0,0
2003,"Taiwan, China",274,35,46
2003,Colombia,1,0,1
2003,Finland,1,0,0
2003,France,7,0,4
2003,Germany,9,0,9
2003,India,3,0,3
2003,Indonesia,2,0,2
2003,Italy,9,0,9
2003,Kuwait,1,0,1
2003,Malaysia,7,2,5
2003,Mongolia,9,0,7
2003,New Zealand,1,0,1
2003,Philippines,12,2,4
2003,Republic of Ireland,1,0,1
2003,Republic of Korea,3,0,1
2003,Romania,1,0,1
2003,Singapore,205,28,157
2003,South Africa,1,1,0
2003,Spain,1,0,1
2003,Sweden,3,0,3
2003,Switzerland,1,0,1
2003,Thailand,8,2,5
2003,United Kingdom,4,0,4
2003,United States,65,0,34
2003,Viet Nam,63,5,58
2003,Brazil,2,0,2
2003,Canada,140,23,106
2003,China,5209,282,2009
2003,"Hong Kong SAR, China",1710,243,1191
2003,"Macao SAR, China",1,0,0
2003,"Taiwan, China",274,35,46
2003,Colombia,1,0,1
2003,Finland,1,0,0
2003,France,7,0,6
2003,Germany,9,0,9
2003,India,3,0,3
2003,Indonesia,2,0,2
2003,Italy,9,0,9
2003,Kuwait,1,0,1
2003,Malaysia,7,2,5
2003,Mongolia,9,0,7
2003,New Zealand,1,0,1
2003,Philippines,12,2,4
2003,Republic of Ireland,1,0,1
2003,Republic of Korea,3,0,1
2003,Romania,1,0,1
2003,Singapore,205,28,157
2003,South Africa,1,1,0
2003,Spain,1,0,1
2003,Sweden,3,0,3
2003,Switzerland,1,0,1
2003,Thailand,8,2,5
2003,United Kingdom,4,0,4
2003,United States,66,0,34
2003,Viet Nam,63,5,58
2003,Brazil,2,0,2
2003,Canada,140,23,106
2003,China,5236,289,2148
2003,"Hong Kong SAR, China",1714,251,1213
2003,"Macao SAR, China",1,0,0
2003,"Taiwan, China",344,40,50
2003,Colombia,1,0,1
2003,Finland,1,0,0
2003,France,7,0,6
2003,Germany,9,0,9
2003,India,3,0,3
2003,Indonesia,2,0,2
2003,Italy,9,0,9
2003,Kuwait,1,0,1
2003,Malaysia,7,2,5
2003,Mongolia,9,0,8
2003,New Zealand,1,0,1
2003,Philippines,12,2,8
2003,Republic of Ireland,1,0,1
2003,Republic of Korea,3,0,1
2003,Romania,1,0,1
2003,Singapore,206,28,160
2003,South Africa,1,1,0
2003,Spain,1,0,1
2003,Sweden,3,0,3
2003,Switzerland,1,0,1
2003,Thailand,8,2,5
2003,United Kingdom,4,0,4
2003,United States,67,0,34
2003,Viet Nam,63,5,58
2003,Brazil,2,0,2
2003,Canada,140,23,106
2003,China,5248,294,2254
2003,"Hong Kong SAR, China",1718,253,1229
2003,"Macao SAR, China",1,0,0
2003,"Taiwan, China",383,52,63
2003,Colombia,1,0,1
2003,Finland,1,0,0
2003,France,7,0,6
2003,Germany,9,0,9
2003,India,3,0,3
2003,Indonesia,2,0,2
2003,Italy,9,0,9
2003,Kuwait,1,0,1
2003,Malaysia,7,2,5
2003,Mongolia,9,0,8
2003,New Zealand,1,0,1
2003,Philippines,12,2,8
2003,Republic of Ireland,1,0,1
2003,Republic of Korea,3,0,2
2003,Romania,1,0,1
2003,Singapore,206,28,161
2003,South Africa,1,1,0
2003,Spain,1,0,1
2003,Sweden,3,0,3
2003,Switzerland,1,0,1
2003,Thailand,8,2,5
2003,United Kingdom,4,0,4
2003,United States,67,0,34
2003,Viet Nam,63,5,58
2003,Brazil,2,0,2
2003,Canada,140,23,108
2003,China,5249,296,2335
2003,"Hong Kong SAR, China",1719,255,1237
2003,"Macao SAR, China",1,0,0
2003,"Taiwan, China",418,52,71
2003,Colombia,1,0,1
2003,Finland,1,0,1
2003,France,7,0,6
2003,Germany,9,0,9
2003,India,3,0,3
2003,Indonesia,2,0,2
2003,Italy,9,0,9
2003,Kuwait,1,0,1
2003,Malaysia,8,2,5
2003,Mongolia,9,0,8
2003,New Zealand,1,0,1
2003,Philippines,12,2,10
2003,Republic of Ireland,1,0,1
2003,Republic of Korea,3,0,2
2003,Romania,1,0,1
2003,Singapore,206,28,161
2003,South Africa,1,1,0
2003,Spain,1,0,1
2003,Sweden,3,0,3
2003,Switzerland,1,0,1
2003,Thailand,8,2,5
2003,United Kingdom,4,0,4
2003,United States,66,0,33
2003,Viet Nam,63,5,58
2003,Australia,6,0,6
2003,Brazil,2,0,2
2003,Canada,140,23,109
2003,China,5271,300,2445
2003,"Hong Kong SAR, China",1722,258,1247
2003,"Macao SAR, China",2,0,0
2003,"Taiwan, China",483,60,74
2003,Colombia,1,0,1
2003,Finland,1,0,1
2003,France,7,0,6
2003,Germany,9,0,9
2003,India,3,0,3
2003,Indonesia,2,0,2
2003,Italy,9,0,9
2003,Kuwait,1,0,1
2003,Malaysia,8,2,5
2003,Mongolia,9,0,8
2003,New Zealand,1,0,1
2003,Philippines,12,2,10
2003,Republic of Ireland,1,0,1
2003,Republic of Korea,3,0,2
2003,Romania,1,0,1
2003,Singapore,206,29,162
2003,South Africa,1,1,0
2003,Spain,1,0,1
2003,Sweden,3,0,3
2003,Switzerland,1,0,1
2003,Thailand,8,2,5
2003,United Kingdom,4,0,4
2003,United States,65,0,33
2003,Viet Nam,63,5,58
2003,Brazil,2,0,2
2003,Canada,140,23,109
2003,China,5285,303,2544
2003,"Hong Kong SAR, China",1724,260,1255
2003,"Macao SAR, China",2,0,0
2003,"Taiwan, China",538,60,82
2003,Colombia,1,0,1
2003,Finland,1,0,1
2003,France,7,0,6
2003,Germany,9,0,9
2003,India,3,0,3
2003,Indonesia,2,0,2
2003,Italy,9,0,9
2003,Kuwait,1,0,1
2003,Malaysia,8,2,5
2003,Mongolia,9,0,8
2003,New Zealand,1,0,1
2003,Philippines,12,2,10
2003,Republic of Ireland,1,0,1
2003,Republic of Korea,3,0,2
2003,Romania,1,0,1
2003,Singapore,206,31,163
2003,South Africa,1,1,0
2003,Spain,1,0,1
2003,Sweden,3,0,3
2003,Switzerland,1,0,1
2003,Thailand,8,2,5
2003,United Kingdom,4,0,4
2003,United States,65,0,33
2003,Viet Nam,63,5,58
2003,Brazil,2,0,2
2003,Canada,140,23,109
2003,China,5309,308,2675
2003,"Hong Kong SAR, China",1724,262,1266
2003,"Macao SAR, China",2,0,0
2003,"Taiwan, China",538,60,82
2003,Colombia,1,0,1
2003,Finland,1,0,1
2003,France,7,0,6
2003,Germany,9,0,9
2003,India,3,0,3
2003,Indonesia,2,0,2
2003,Italy,9,0,9
2003,Kuwait,1,0,1
2003,Malaysia,8,2,5
2003,Mongolia,9,0,8
2003,New Zealand,1,0,1
2003,Philippines,12,2,10
2003,Republic of Ireland,1,0,1
2003,Republic of Korea,3,0,2
2003,Romania,1,0,1
2003,Singapore,206,31,163
2003,South Africa,1,1,0
2003,Spain,1,0,1
2003,Sweden,3,0,3
2003,Switzerland,1,0,1
2003,Thailand,8,2,5
2003,United Kingdom,4,0,4
2003,United States,65,0,33
2003,Viet Nam,63,5,58
2003,Brazil,2,0,2
2003,Canada,148,26,110
2003,China,5316,317,2829
2003,"Hong Kong SAR, China",1726,267,1276
2003,"Macao SAR, China",2,0,0
2003,"Taiwan, China",585,72,112
2003,Colombia,1,0,1
2003,Finland,1,0,1
2003,France,7,0,6
2003,Germany,9,0,9
2003,India,3,0,3
2003,Indonesia,2,0,2
2003,Italy,9,0,9
2003,Kuwait,1,0,1
2003,Malaysia,5,2,3
2003,Mongolia,9,0,8
2003,New Zealand,1,0,1
2003,Philippines,12,2,10
2003,Republic of Ireland,1,0,1
2003,Republic of Korea,3,0,2
2003,Romania,1,0,1
2003,Singapore,206,31,163
2003,South Africa,1,1,0
2003,Spain,1,0,1
2003,Sweden,3,0,3
2003,Switzerland,1,0,1
2003,Thailand,8,2,6
2003,United Kingdom,4,0,4
2003,United States,65,0,33
2003,Viet Nam,63,5,58
2003,Brazil,2,0,2
2003,Canada,148,26,111
2003,China,5322,321,2944
2003,"Hong Kong SAR, China",1728,269,1285
2003,"Macao SAR, China",2,0,0
2003,"Taiwan, China",596,76,112
2003,Colombia,1,0,1
2003,Finland,1,0,1
2003,France,7,0,6
2003,Germany,9,0,9
2003,India,3,0,3
2003,Indonesia,2,0,2
2003,Italy,9,0,9
2003,Kuwait,1,0,1
2003,Malaysia,5,2,3
2003,Mongolia,9,0,9
2003,New Zealand,1,0,1
2003,Philippines,12,2,10
2003,Republic of Ireland,1,0,1
2003,Republic of Korea,3,0,2
2003,Romania,1,0,1
2003,Singapore,206,31,163
2003,South Africa,1,1,0
2003,Spain,1,0,1
2003,Sweden,3,0,3
2003,Switzerland,1,0,1
2003,Thailand,8,2,6
2003,United Kingdom,4,0,4
2003,United States,65,0,32
2003,Viet Nam,63,5,58
2003,Australia,6,0,6
2003,Brazil,2,0,2
2003,Canada,149,26,111
2003,China,5323,325,3036
2003,"Hong Kong SAR, China",1730,270,1295
2003,"Macao SAR, China",2,0,0
2003,"Taiwan, China",610,81,112
2003,Colombia,1,0,1
2003,Finland,1,0,1
2003,France,7,0,6
2003,Germany,9,0,9
2003,India,3,0,3
2003,Indonesia,2,0,2
2003,Italy,9,0,9
2003,Kuwait,1,0,1
2003,Malaysia,5,2,3
2003,Mongolia,9,0,9
2003,New Zealand,1,0,1
2003,Philippines,12,2,10
2003,Republic of Ireland,1,0,1
2003,Republic of Korea,3,0,2
2003,Romania,1,0,1
2003,Singapore,206,31,165
2003,South Africa,1,1,0
2003,Spain,1,0,1
2003,Sweden,3,0,3
2003,Switzerland,1,0,1
2003,Thailand,8,2,6
2003,United Kingdom,4,0,4
2003,United States,66,0,32
2003,Viet Nam,63,5,58
2003,Australia,6,0,6
2003,Brazil,2,0,2
2003,Canada,151,26,112
2003,China,5325,327,3121
2003,"Hong Kong SAR, China",1732,273,1302
2003,"Macao SAR, China",1,0,0
2003,"Taiwan, China",660,81,122
2003,Colombia,1,0,1
2003,Finland,1,0,1
2003,France,7,0,6
2003,Germany,9,0,9
2003,India,3,0,3
2003,Indonesia,2,0,2
2003,Italy,9,0,9
2003,Kuwait,1,0,1
2003,Malaysia,5,2,3
2003,Mongolia,9,0,9
2003,New Zealand,1,0,1
2003,Philippines,12,2,10
2003,Republic of Ireland,1,0,1
2003,Republic of Korea,3,0,2
2003,Romania,1,0,1
2003,Singapore,206,31,165
2003,South Africa,1,1,0
2003,Spain,1,0,1
2003,Sweden,3,0,3
2003,Switzerland,1,0,1
2003,Thailand,8,2,6
2003,United Kingdom,4,0,4
2003,United States,66,0,32
2003,Viet Nam,63,5,58
2003,Brazil,2,0,2
2003,Canada,159,28,112
2003,China,5328,328,3250
2003,"Hong Kong SAR, China",1736,274,1304
2003,"Macao SAR, China",1,0,0
2003,"Taiwan, China",667,81,125
2003,Colombia,1,0,1
2003,Finland,1,0,1
2003,France,7,0,6
2003,Germany,9,0,9
2003,India,3,0,3
2003,Indonesia,2,0,2
2003,Italy,9,0,9
2003,Kuwait,1,0,1
2003,Malaysia,5,2,3
2003,Mongolia,9,0,9
2003,New Zealand,1,0,1
2003,Philippines,12,2,10
2003,Republic of Ireland,1,0,1
2003,Republic of Korea,3,0,3
2003,Romania,1,0,1
2003,Singapore,206,31,165
2003,South Africa,1,1,0
2003,Spain,1,0,1
2003,Sweden,3,0,3
2003,Switzerland,1,0,1
2003,Thailand,8,2,6
2003,United Kingdom,4,0,4
2003,United States,66,0,32
2003,Viet Nam,63,5,58
2003,Brazil,2,0,2
2003,Canada,188,30,116
2003,China,5328,332,3371
2003,"Hong Kong SAR, China",1739,278,1310
2003,"Macao SAR, China",1,0,0
2003,"Taiwan, China",676,81,129
2003,Colombia,1,0,1
2003,Finland,1,0,1
2003,France,7,0,6
2003,Germany,10,0,9
2003,India,3,0,3
2003,Indonesia,2,0,2
2003,Italy,9,0,9
2003,Kuwait,1,0,1
2003,Malaysia,5,2,3
2003,Mongolia,9,0,9
2003,New Zealand,1,0,1
2003,Philippines,12,2,10
2003,Republic of Ireland,1,0,1
2003,Republic of Korea,3,0,3
2003,Romania,1,0,1
2003,Russian Federation,1,0,0
2003,Singapore,206,31,165
2003,South Africa,1,1,0
2003,Spain,1,0,1
2003,Sweden,3,0,3
2003,Switzerland,1,0,1
2003,Thailand,8,2,6
2003,United Kingdom,4,0,4
2003,United States,66,0,32
2003,Viet Nam,63,5,58
2003,Brazil,2,0,2
2003,Canada,198,30,116
2003,China,5328,334,3495
2003,"Hong Kong SAR, China",1746,282,1319
2003,"Macao SAR, China",1,0,1
2003,"Taiwan, China",684,81,134
2003,Colombia,1,0,1
2003,Finland,1,0,1
2003,France,7,0,6
2003,Germany,10,0,9
2003,India,3,0,3
2003,Indonesia,2,0,2
2003,Italy,9,0,9
2003,Kuwait,1,0,1
2003,Malaysia,5,2,3
2003,Mongolia,9,0,9
2003,New Zealand,1,0,1
2003,Philippines,12,2,10
2003,Republic of Ireland,1,0,1
2003,Republic of Korea,3,0,3
2003,Romania,1,0,1
2003,Russian Federation,1,0,0
2003,Singapore,206,31,165
2003,South Africa,1,1,0
2003,Spain,1,0,1
2003,Sweden,3,0,3
2003,Switzerland,1,0,1
2003,Thailand,8,2,6
2003,United Kingdom,4,0,4
2003,United States,66,0,32
2003,Viet Nam,63,5,58
2003,Brazil,2,0,2
2003,Canada,213,31,116
2003,China,5329,334,3558
2003,"Hong Kong SAR, China",1747,283,1326
2003,"Macao SAR, China",1,0,1
2003,"Taiwan, China",679,81,136
2003,Colombia,1,0,1
2003,Finland,1,0,1
2003,France,7,0,6
2003,Germany,10,0,9
2003,India,3,0,3
2003,Indonesia,2,0,2
2003,Italy,9,0,9
2003,Kuwait,1,0,1
2003,Malaysia,5,2,3
2003,Mongolia,9,0,9
2003,New Zealand,1,0,1
2003,Philippines,12,2,10
2003,Republic of Ireland,1,0,1
2003,Republic of Korea,3,0,3
2003,Romania,1,0,1
2003,Russian Federation,1,0,0
2003,Singapore,206,31,165
2003,South Africa,1,1,0
2003,Spain,1,0,1
2003,Sweden,3,0,3
2003,Switzerland,1,0,1
2003,Thailand,8,2,6
2003,United Kingdom,4,0,4
2003,United States,68,0,33
2003,Viet Nam,63,5,58
2003,Brazil,2,0,2
2003,Canada,216,31,121
2003,China,5329,334,3674
2003,"Hong Kong SAR, China",1748,283,1339
2003,"Macao SAR, China",1,0,1
2003,"Taiwan, China",678,81,272
2003,Colombia,1,0,1
2003,Finland,1,0,1
2003,France,7,0,6
2003,Germany,10,0,9
2003,India,3,0,3
2003,Indonesia,2,0,2
2003,Italy,9,0,9
2003,Kuwait,1,0,1
2003,Malaysia,5,2,3
2003,Mongolia,9,0,9
2003,New Zealand,1,0,1
2003,Philippines,12,2,10
2003,Republic of Ireland,1,0,1
2003,Republic of Korea,3,0,3
2003,Romania,1,0,1
2003,Russian Federation,1,0,0
2003,Singapore,206,31,165
2003,South Africa,1,1,0
2003,Spain,1,0,1
2003,Sweden,3,0,3
2003,Switzerland,1,0,1
2003,Thailand,8,2,6
2003,United Kingdom,4,0,4
2003,United States,69,0,34
2003,Viet Nam,63,5,58
2003,Brazil,2,0,2
2003,Canada,218,31,120
2003,China,5329,336,3770
2003,"Hong Kong SAR, China",1748,284,1343
2003,"Macao SAR, China",1,0,1
2003,"Taiwan, China",677,81,257
2003,Colombia,1,0,1
2003,Finland,1,0,1
2003,France,7,0,6
2003,Germany,10,0,9
2003,India,3,0,3
2003,Indonesia,2,0,2
2003,Italy,9,0,9
2003,Kuwait,1,0,1
2003,Malaysia,5,2,3
2003,Mongolia,9,0,9
2003,New Zealand,1,0,1
2003,Philippines,12,2,10
2003,Republic of Ireland,1,0,1
2003,Republic of Korea,3,0,3
2003,Romania,1,0,1
2003,Russian Federation,1,0,0
2003,Singapore,206,31,165
2003,South Africa,1,1,0
2003,Spain,1,0,1
2003,Sweden,3,0,3
2003,Switzerland,1,0,1
2003,Thailand,8,2,6
2003,United Kingdom,4,0,4
2003,United States,69,0,34
2003,Viet Nam,63,5,58
2003,Brazil,2,0,2
2003,Canada,219,31,120
2003,China,5329,338,3869
2003,"Hong Kong SAR, China",1750,286,1350
2003,"Macao SAR, China",1,0,1
2003,"Taiwan, China",676,81,257
2003,Colombia,1,0,1
2003,Finland,1,0,1
2003,France,7,0,6
2003,Germany,10,0,9
2003,India,3,0,3
2003,Indonesia,2,0,2
2003,Italy,9,0,9
2003,Kuwait,1,0,1
2003,Malaysia,5,2,3
2003,Mongolia,9,0,9
2003,New Zealand,1,0,1
2003,Philippines,12,2,10
2003,Republic of Ireland,1,0,1
2003,Republic of Korea,3,0,3
2003,Romania,1,0,1
2003,Russian Federation,1,0,0
2003,Singapore,206,31,165
2003,South Africa,1,1,0
2003,Spain,1,0,1
2003,Sweden,3,0,3
2003,Switzerland,1,0,1
2003,Thailand,8,2,6
2003,United Kingdom,4,0,4
2003,United States,68,0,35
2003,Viet Nam,63,5,58
2003,Brazil,2,0,2
2003,Canada,229,32,128
2003,China,5328,340,4186
2003,"Hong Kong SAR, China",1753,288,1365
2003,"Macao SAR, China",1,0,1
2003,"Taiwan, China",680,81,257
2003,Colombia,1,0,1
2003,Finland,1,0,1
2003,France,7,0,6
2003,Germany,10,0,9
2003,India,3,0,3
2003,Indonesia,2,0,2
2003,Italy,9,0,9
2003,Kuwait,1,0,1
2003,Malaysia,5,2,3
2003,Mongolia,9,0,9
2003,New Zealand,1,0,1
2003,Philippines,12,2,10
2003,Republic of Ireland,1,0,1
2003,Republic of Korea,3,0,3
2003,Romania,1,0,1
2003,Russian Federation,1,0,0
2003,Singapore,206,31,168
2003,South Africa,1,1,0
2003,Spain,1,0,1
2003,Sweden,3,0,3
2003,Switzerland,1,0,1
2003,Thailand,9,2,6
2003,United Kingdom,4,0,4
2003,United States,68,0,35
2003,Viet Nam,63,5,58
2003,Brazil,3,0,2
2003,Canada,229,32,131
2003,China,5328,343,4294
2003,"Hong Kong SAR, China",1754,290,1368
2003,"Macao SAR, China",1,0,1
2003,"Taiwan, China",686,81,319
2003,Colombia,1,0,1
2003,Finland,1,0,1
2003,France,7,0,6
2003,Germany,10,0,9
2003,India,3,0,3
2003,Indonesia,2,0,2
2003,Italy,9,0,9
2003,Kuwait,1,0,1
2003,Malaysia,5,2,3
2003,Mongolia,9,0,9
2003,New Zealand,1,0,1
2003,Philippines,12,2,10
2003,Republic of Ireland,1,0,1
2003,Republic of Korea,3,0,3
2003,Romania,1,0,1
2003,Russian Federation,1,0,0
2003,Singapore,206,31,168
2003,South Africa,1,1,0
2003,Spain,1,0,1
2003,Sweden,3,0,3
2003,Switzerland,1,0,1
2003,Thailand,9,2,6
2003,United Kingdom,4,0,4
2003,United States,69,0,36
2003,Viet Nam,63,5,58
2003,Brazil,3,0,2
2003,Canada,230,32,134
2003,China,5329,343,4390
2003,"Hong Kong SAR, China",1754,290,1368
2003,"Macao SAR, China",1,0,1
2003,"Taiwan, China",687,81,344
2003,Colombia,1,0,1
2003,Finland,1,0,1
2003,France,7,0,6
2003,Germany,10,0,9
2003,India,3,0,3
2003,Indonesia,2,0,2
2003,Italy,9,0,9
2003,Kuwait,1,0,1
2003,Malaysia,5,2,3
2003,Mongolia,9,0,9
2003,New Zealand,1,0,1
2003,Philippines,12,2,10
2003,Republic of Ireland,1,0,1
2003,Republic of Korea,3,0,3
2003,Romania,1,0,1
2003,Russian Federation,1,0,0
2003,Singapore,206,31,168
2003,South Africa,1,1,0
2003,Spain,1,0,1
2003,Sweden,3,0,3
2003,Switzerland,1,0,1
2003,Thailand,9,2,6
2003,United Kingdom,4,0,4
2003,United States,71,0,36
2003,Viet Nam,63,5,58
2003,Brazil,3,0,2
2003,Canada,238,32,141
2003,China,5328,343,4457
2003,"Hong Kong SAR, China",1755,291,1377
2003,"Macao SAR, China",1,0,1
2003,"Taiwan, China",688,81,347
2003,Colombia,1,0,1
2003,Finland,1,0,1
2003,France,7,0,6
2003,Germany,10,0,9
2003,India,3,0,3
2003,Indonesia,2,0,2
2003,Italy,9,0,9
2003,Kuwait,1,0,1
2003,Malaysia,5,2,3
2003,Mongolia,9,0,9
2003,New Zealand,1,0,1
2003,Philippines,14,2,12
2003,Republic of Ireland,1,0,1
2003,Republic of Korea,3,0,3
2003,Romania,1,0,1
2003,Russian Federation,1,0,0
2003,Singapore,206,31,169
2003,South Africa,1,1,0
2003,Spain,1,0,1
2003,Sweden,3,0,3
2003,Switzerland,1,0,1
2003,Thailand,9,2,6
2003,United Kingdom,4,0,4
2003,United States,70,0,36
2003,Viet Nam,63,5,58
2003,Brazil,3,0,2
2003,Canada,242,32,150
2003,China,5327,343,4530
2003,"Hong Kong SAR, China",1755,293,1380
2003,"Macao SAR, China",1,0,1
2003,"Taiwan, China",693,81,385
2003,Colombia,1,0,1
2003,Finland,1,0,1
2003,France,7,0,6
2003,Germany,10,0,9
2003,India,3,0,3
2003,Indonesia,2,0,2
2003,Italy,9,0,9
2003,Kuwait,1,0,1
2003,Malaysia,5,2,3
2003,Mongolia,9,0,9
2003,New Zealand,1,0,1
2003,Philippines,14,2,12
2003,Republic of Ireland,1,0,1
2003,Republic of Korea,3,0,3
2003,Romania,1,0,1
2003,Russian Federation,1,0,0
2003,Singapore,206,31,169
2003,South Africa,1,1,0
2003,Spain,1,0,1
2003,Sweden,3,0,3
2003,Switzerland,1,0,1
2003,Thailand,9,2,6
2003,United Kingdom,4,0,4
2003,United States,71,0,36
2003,Viet Nam,63,5,58
2003,Brazil,3,0,2
2003,Canada,243,32,156
2003,China,5326,346,4656
2003,"Hong Kong SAR, China",1755,295,1386
2003,"Macao SAR, China",1,0,1
2003,"Taiwan, China",698,83,443
2003,Colombia,1,0,1
2003,Finland,1,0,1
2003,France,7,0,6
2003,Germany,10,0,9
2003,India,3,0,3
2003,Indonesia,2,0,2
2003,Italy,9,0,9
2003,Kuwait,1,0,1
2003,Malaysia,5,2,3
2003,Mongolia,9,0,9
2003,New Zealand,1,0,1
2003,Philippines,14,2,12
2003,Republic of Ireland,1,0,1
2003,Republic of Korea,3,0,3
2003,Romania,1,0,1
2003,Russian Federation,1,0,0
2003,Singapore,206,31,169
2003,South Africa,1,1,0
2003,Spain,1,0,1
2003,Sweden,3,0,3
2003,Switzerland,1,0,1
2003,Thailand,9,2,6
2003,United Kingdom,4,0,4
2003,United States,72,0,36
2003,Viet Nam,63,5,58
2003,Brazil,3,0,2
2003,Canada,247,32,171
2003,China,5326,346,4725
2003,"Hong Kong SAR, China",1755,295,1387
2003,"Macao SAR, China",1,0,1
2003,"Taiwan, China",697,83,460
2003,Colombia,1,0,1
2003,Finland,1,0,1
2003,France,7,0,6
2003,Germany,10,0,9
2003,India,3,0,3
2003,Indonesia,2,0,2
2003,Italy,9,0,9
2003,Kuwait,1,0,1
2003,Malaysia,5,2,3
2003,Mongolia,9,0,9
2003,New Zealand,1,0,1
2003,Philippines,14,2,12
2003,Republic of Ireland,1,0,1
2003,Republic of Korea,3,0,3
2003,Romania,1,0,1
2003,Russian Federation,1,0,0
2003,Singapore,206,31,169
2003,South Africa,1,1,0
2003,Spain,1,0,1
2003,Sweden,3,0,3
2003,Switzerland,1,0,1
2003,Thailand,9,2,6
2003,United Kingdom,4,0,4
2003,United States,73,0,36
2003,Viet Nam,63,5,58
2003,Brazil,3,0,2
2003,Canada,246,33,176
2003,China,5326,347,4762
2003,"Hong Kong SAR, China",1755,295,1393
2003,"Macao SAR, China",1,0,1
2003,"Taiwan, China",697,83,469
2003,Colombia,1,0,1
2003,Finland,1,0,1
2003,France,7,0,6
2003,Germany,10,0,9
2003,India,3,0,3
2003,Indonesia,2,0,2
2003,Italy,9,0,9
2003,Kuwait,1,0,1
2003,Malaysia,5,2,3
2003,Mongolia,9,0,9
2003,New Zealand,1,0,1
2003,Philippines,14,2,12
2003,Republic of Ireland,1,0,1
2003,Republic of Korea,3,0,3
2003,Romania,1,0,1
2003,Russian Federation,1,0,0
2003,Singapore,206,31,169
2003,South Africa,1,1,0
2003,Spain,1,0,1
2003,Sweden,3,0,3
2003,Switzerland,1,0,1
2003,Thailand,9,2,6
2003,United Kingdom,4,0,4
2003,United States,75,0,36
2003,Viet Nam,63,5,58
2003,Brazil,3,0,2
2003,Canada,245,34,175
2003,China,5326,347,4786
2003,"Hong Kong SAR, China",1755,296,1396
2003,"Macao SAR, China",1,0,1
2003,"Taiwan, China",695,84,472
2003,Colombia,1,0,1
2003,Finland,1,0,1
2003,France,7,0,6
2003,Germany,10,0,9
2003,India,3,0,3
2003,Indonesia,2,0,2
2003,Italy,9,0,9
2003,Kuwait,1,0,1
2003,Malaysia,5,2,3
2003,Mongolia,9,0,9
2003,New Zealand,1,0,1
2003,Philippines,14,2,12
2003,Republic of Ireland,1,0,1
2003,Republic of Korea,3,0,3
2003,Romania,1,0,1
2003,Russian Federation,1,0,0
2003,Singapore,206,31,170
2003,South Africa,1,1,0
2003,Spain,1,0,1
2003,Sweden,3,0,3
2003,Switzerland,1,0,1
2003,Thailand,9,2,6
2003,United Kingdom,4,0,4
2003,United States,75,0,36
2003,Viet Nam,63,5,58
2003,Brazil,3,0,2
2003,Canada,245,34,180
2003,China,5326,347,4806
2003,"Hong Kong SAR, China",1755,296,1403
2003,"Macao SAR, China",1,0,1
2003,"Taiwan, China",695,84,480
2003,Colombia,1,0,1
2003,Finland,1,0,1
2003,France,7,0,6
2003,Germany,10,0,9
2003,India,3,0,3
2003,Indonesia,2,0,2
2003,Italy,9,0,9
2003,Kuwait,1,0,1
2003,Malaysia,5,2,3
2003,Mongolia,9,0,9
2003,New Zealand,1,0,1
2003,Philippines,14,2,12
2003,Republic of Ireland,1,0,1
2003,Republic of Korea,3,0,3
2003,Romania,1,0,1
2003,Russian Federation,1,0,0
2003,Singapore,206,31,170
2003,South Africa,1,1,0
2003,Spain,1,0,1
2003,Sweden,3,0,3
2003,Switzerland,1,0,1
2003,Thailand,9,2,6
2003,United Kingdom,4,0,4
2003,United States,74,0,36
2003,Viet Nam,63,5,58
2003,Brazil,3,0,2
2003,Canada,246,35,182
2003,China,5326,347,4895
2003,"Hong Kong SAR, China",1755,296,1411
2003,"Macao SAR, China",1,0,1
2003,"Taiwan, China",692,84,486
2003,Colombia,1,0,1
2003,Finland,1,0,1
2003,France,7,0,6
2003,Germany,10,0,9
2003,India,3,0,3
2003,Indonesia,2,0,2
2003,Italy,9,0,9
2003,Kuwait,1,0,1
2003,Malaysia,5,2,3
2003,Mongolia,9,0,9
2003,New Zealand,1,0,1
2003,Philippines,14,2,12
2003,Republic of Ireland,1,0,1
2003,Republic of Korea,3,0,3
2003,Romania,1,0,1
2003,Russian Federation,1,0,0
2003,Singapore,206,31,170
2003,South Africa,1,1,0
2003,Spain,1,0,1
2003,Sweden,3,0,3
2003,Switzerland,1,0,1
2003,Thailand,9,2,7
2003,United Kingdom,4,0,4
2003,United States,74,0,36
2003,Viet Nam,63,5,58
2003,Brazil,3,0,2
2003,Canada,249,37,188
2003,China,5326,347,4901
2003,"Hong Kong SAR, China",1755,296,1417
2003,"Macao SAR, China",1,0,1
2003,"Taiwan, China",687,84,492
2003,Colombia,1,0,1
2003,Finland,1,0,1
2003,France,7,0,6
2003,Germany,10,0,9
2003,India,3,0,3
2003,Indonesia,2,0,2
2003,Italy,9,0,9
2003,Kuwait,1,0,1
2003,Malaysia,5,2,3
2003,Mongolia,9,0,9
2003,New Zealand,1,0,1
2003,Philippines,14,2,12
2003,Republic of Ireland,1,0,1
2003,Republic of Korea,3,0,3
2003,Romania,1,0,1
2003,Russian Federation,1,0,0
2003,Singapore,206,31,170
2003,South Africa,1,1,0
2003,Spain,1,0,1
2003,Sweden,3,0,3
2003,Switzerland,1,0,1
2003,Thailand,9,2,7
2003,United Kingdom,4,0,4
2003,United States,75,0,36
2003,Viet Nam,63,5,58
2003,Brazil,3,0,2
2003,Canada,250,37,188
2003,China,5327,348,4916
2003,"Hong Kong SAR, China",1755,296,1419
2003,"Macao SAR, China",1,0,1
2003,"Taiwan, China",686,84,492
2003,Colombia,1,0,1
2003,Finland,1,0,1
2003,France,7,0,6
2003,Germany,10,0,9
2003,India,3,0,3
2003,Indonesia,2,0,2
2003,Italy,9,0,9
2003,Japan,1,0,0
2003,Kuwait,1,0,1
2003,Malaysia,5,2,3
2003,Mongolia,9,0,9
2003,New Zealand,1,0,1
2003,Philippines,14,2,12
2003,Republic of Ireland,1,0,1
2003,Republic of Korea,3,0,3
2003,Romania,1,0,1
2003,Russian Federation,1,0,0
2003,Singapore,206,31,170
2003,South Africa,1,1,0
2003,Spain,1,0,1
2003,Sweden,3,0,3
2003,Switzerland,1,0,1
2003,Thailand,9,2,7
2003,United Kingdom,4,0,4
2003,United States,75,0,36
2003,Viet Nam,63,5,58
2003,Brazil,3,0,2
2003,Canada,251,37,190
2003,China,5327,348,4921
2003,"Hong Kong SAR, China",1755,296,1419
2003,"Macao SAR, China",1,0,1
2003,"Taiwan, China",682,84,491
2003,Colombia,1,0,1
2003,Finland,1,0,1
2003,France,7,0,6
2003,Germany,10,0,9
2003,India,3,0,3
2003,Indonesia,2,0,2
2003,Italy,9,0,9
2003,Japan,1,0,0
2003,Kuwait,1,0,1
2003,Malaysia,5,2,3
2003,Mongolia,9,0,9
2003,New Zealand,1,0,1
2003,Philippines,14,2,12
2003,Republic of Ireland,1,0,1
2003,Republic of Korea,3,0,3
2003,Romania,1,0,1
2003,Russian Federation,1,0,0
2003,Singapore,206,32,170
2003,South Africa,1,1,0
2003,Spain,1,0,1
2003,Sweden,3,0,3
2003,Switzerland,1,0,1
2003,Thailand,9,2,7
2003,United Kingdom,4,0,4
2003,United States,74,0,36
2003,Viet Nam,63,5,58
2003,Brazil,3,0,2
2003,Canada,251,37,191
2003,China,5327,348,4921
2003,"Hong Kong SAR, China",1755,297,1422
2003,"Macao SAR, China",1,0,1
2003,"Taiwan, China",681,84,492
2003,Colombia,1,0,1
2003,Finland,1,0,1
2003,France,7,0,6
2003,Germany,10,0,9
2003,India,3,0,3
2003,Indonesia,2,0,2
2003,Italy,5,0,5
2003,Kuwait,1,0,1
2003,Malaysia,5,2,3
2003,Mongolia,9,0,9
2003,New Zealand,1,0,1
2003,Philippines,14,2,12
2003,Republic of Ireland,1,0,1
2003,Republic of Korea,3,0,3
2003,Romania,1,0,1
2003,Russian Federation,1,0,0
2003,Singapore,206,32,171
2003,South Africa,1,1,0
2003,Spain,1,0,1
2003,Sweden,3,0,3
2003,Switzerland,1,0,1
2003,Thailand,9,2,7
2003,United Kingdom,4,0,4
2003,United States,74,0,64
2003,Viet Nam,63,5,58
2003,Australia,5,0,5
2003,Brazil,3,0,2
2003,Canada,252,37,192
2003,China,5327,348,4927
2003,"Hong Kong SAR, China",1755,298,1429
2003,"Macao SAR, China",1,0,1
2003,"Taiwan, China",678,84,495
2003,Colombia,1,0,1
2003,Finland,1,0,1
2003,France,7,0,6
2003,Germany,10,0,9
2003,India,3,0,3
2003,Indonesia,2,0,2
2003,Italy,5,0,5
2003,Kuwait,1,0,1
2003,Malaysia,5,2,3
2003,Mongolia,9,0,9
2003,New Zealand,1,0,1
2003,Philippines,14,2,12
2003,Republic of Ireland,1,0,1
2003,Republic of Korea,3,0,3
2003,Romania,1,0,1
2003,Russian Federation,1,0,0
2003,Singapore,206,32,171
2003,South Africa,1,1,0
2003,Spain,1,0,1
2003,Sweden,3,0,3
2003,Switzerland,1,0,1
2003,Thailand,9,2,7
2003,United Kingdom,4,0,4
2003,United States,73,0,63
2003,Viet Nam,63,5,58
2003,Brazil,1,0,1
2003,Canada,252,38,192
2003,China,5327,348,4930
2003,"Hong Kong SAR, China",1755,298,1429
2003,"Macao SAR, China",1,0,1
2003,"Taiwan, China",678,84,498
2003,Colombia,1,0,1
2003,Finland,1,0,1
2003,France,7,0,6
2003,Germany,10,0,9
2003,India,3,0,3
2003,Indonesia,2,0,2
2003,Italy,5,0,5
2003,Kuwait,1,0,1
2003,Malaysia,5,2,3
2003,Mongolia,9,0,9
2003,New Zealand,1,0,1
2003,Philippines,14,2,12
2003,Republic of Ireland,1,0,1
2003,Republic of Korea,3,0,3
2003,Romania,1,0,1
2003,Russian Federation,1,0,0
2003,Singapore,206,32,171
2003,South Africa,1,1,0
2003,Spain,1,0,1
2003,Sweden,3,0,3
2003,Switzerland,1,0,1
2003,Thailand,9,2,7
2003,United Kingdom,4,0,4
2003,United States,73,0,63
2003,Viet Nam,63,5,58
2003,Brazil,1,0,1
2003,Canada,252,38,192
2003,China,5327,348,4933
2003,"Hong Kong SAR, China",1755,298,1429
2003,"Macao SAR, China",1,0,1
2003,"Taiwan, China",676,84,498
2003,Colombia,1,0,1
2003,Finland,1,0,1
2003,France,7,0,6
2003,Germany,10,0,9
2003,India,3,0,3
2003,Indonesia,2,0,2
2003,Italy,4,0,4
2003,Kuwait,1,0,1
2003,Malaysia,5,2,3
2003,Mongolia,9,0,9
2003,New Zealand,1,0,1
2003,Philippines,14,2,12
2003,Republic of Ireland,1,0,1
2003,Republic of Korea,3,0,3
2003,Romania,1,0,1
2003,Russian Federation,1,0,0
2003,Singapore,206,32,171
2003,South Africa,1,1,0
2003,Spain,1,0,1
2003,Sweden,3,0,3
2003,Switzerland,1,0,1
2003,Thailand,9,2,7
2003,United Kingdom,4,0,4
2003,United States,73,0,63
2003,Viet Nam,63,5,58
2003,Brazil,1,0,1
2003,Canada,251,38,193
2003,China,5327,348,4933
2003,"Hong Kong SAR, China",1755,298,1429
2003,"Macao SAR, China",1,0,1
2003,"Taiwan, China",674,84,498
2003,Colombia,1,0,1
2003,Finland,1,0,1
2003,France,7,0,6
2003,Germany,10,0,9
2003,India,3,0,3
2003,Indonesia,2,0,2
2003,Italy,4,0,4
2003,Kuwait,1,0,1
2003,Malaysia,5,2,3
2003,Mongolia,9,0,9
2003,New Zealand,1,0,1
2003,Philippines,14,2,12
2003,Republic of Ireland,1,0,1
2003,Republic of Korea,3,0,3
2003,Romania,1,0,1
2003,Russian Federation,1,0,0
2003,Singapore,206,32,171
2003,South Africa,1,1,0
2003,Spain,1,0,1
2003,Sweden,3,0,3
2003,Switzerland,1,0,1
2003,Thailand,9,2,7
2003,United Kingdom,4,0,4
2003,United States,73,0,65
2003,Viet Nam,63,5,58
2003,Brazil,1,0,1
2003,Canada,251,38,193
2003,China,5327,348,4934
2003,"Hong Kong SAR, China",1755,298,1430
2003,"Macao SAR, China",1,0,1
2003,"Taiwan, China",674,84,500
2003,Colombia,1,0,1
2003,Finland,1,0,1
2003,France,7,0,6
2003,Germany,10,0,9
2003,India,3,0,3
2003,Indonesia,2,0,2
2003,Italy,4,0,4
2003,Kuwait,1,0,1
2003,Malaysia,5,2,3
2003,Mongolia,9,0,9
2003,New Zealand,1,0,1
2003,Philippines,14,2,12
2003,Republic of Ireland,1,0,1
2003,Republic of Korea,3,0,3
2003,Romania,1,0,1
2003,Russian Federation,1,0,0
2003,Singapore,206,32,171
2003,South Africa,1,1,0
2003,Spain,1,0,1
2003,Sweden,3,0,3
2003,Switzerland,1,0,1
2003,Thailand,9,2,7
2003,United Kingdom,4,0,4
2003,United States,73,0,65
2003,Viet Nam,63,5,58
2003,Brazil,1,0,1
2003,Canada,251,38,193
2003,China,5327,348,4934
2003,"Hong Kong SAR, China",1755,298,1430
2003,"Macao SAR, China",1,0,1
2003,"Taiwan, China",674,84,500
2003,Colombia,1,0,1
2003,Finland,1,0,1
2003,France,7,0,6
2003,Germany,10,0,9
2003,India,3,0,3
2003,Indonesia,2,0,2
2003,Italy,4,0,4
2003,Kuwait,1,0,1
2003,Malaysia,5,2,3
2003,Mongolia,9,0,9
2003,New Zealand,1,0,1
2003,Philippines,14,2,12
2003,Republic of Ireland,1,0,1
2003,Republic of Korea,3,0,3
2003,Romania,1,0,1
2003,Russian Federation,1,0,0
2003,Singapore,206,32,171
2003,South Africa,1,1,0
2003,Spain,1,0,1
2003,Sweden,3,0,3
2003,Switzerland,1,0,1
2003,Thailand,9,2,7
2003,United Kingdom,4,0,4
2003,United States,73,0,65
2003,Viet Nam,63,5,58
2003,Brazil,1,0,1
2003,Canada,250,38,194
2003,China,5327,348,4934
2003,"Hong Kong SAR, China",1755,298,1430
2003,"Macao SAR, China",1,0,1
2003,"Taiwan, China",671,84,502
2003,Colombia,1,0,1
2003,Finland,1,0,1
2003,France,7,0,6
2003,Germany,10,0,9
2003,India,3,0,3
2003,Indonesia,2,0,2
2003,Italy,4,0,4
2003,Kuwait,1,0,1
2003,Malaysia,5,2,3
2003,Mongolia,9,0,9
2003,New Zealand,1,0,1
2003,Philippines,14,2,12
2003,Republic of Ireland,1,0,1
2003,Republic of Korea,3,0,3
2003,Romania,1,0,1
2003,Russian Federation,1,0,0
2003,Singapore,206,32,171
2003,South Africa,1,1,0
2003,Spain,1,0,1
2003,Sweden,3,0,3
2003,Switzerland,1,0,1
2003,Thailand,9,2,7
2003,United Kingdom,4,0,4
2003,United States,74,0,64
2003,Viet Nam,63,5,58
2003,Brazil,1,0,1
2003,Canada,249,38,193
2003,China,5327,348,4939
2003,"Hong Kong SAR, China",1755,298,1431
2003,"Macao SAR, China",1,0,1
2003,"Taiwan, China",671,84,504
2003,Colombia,1,0,1
2003,Finland,1,0,1
2003,France,7,0,6
2003,Germany,10,0,9
2003,India,3,0,3
2003,Indonesia,2,0,2
2003,Italy,4,0,4
2003,Kuwait,1,0,1
2003,Malaysia,5,2,3
2003,Mongolia,9,0,9
2003,New Zealand,1,0,1
2003,Philippines,14,2,12
2003,Republic of Ireland,1,0,1
2003,Republic of Korea,3,0,3
2003,Romania,1,0,1
2003,Russian Federation,1,0,0
2003,Singapore,206,32,171
2003,South Africa,1,1,0
2003,Spain,1,0,1
2003,Sweden,3,0,3
2003,Switzerland,1,0,1
2003,Thailand,9,2,7
2003,United Kingdom,4,0,4
2003,United States,75,0,67
2003,Viet Nam,63,5,58
2003,Brazil,1,0,1
2003,Canada,250,38,194
2003,China,5327,348,4941
2003,"Hong Kong SAR, China",1755,298,1431
2003,"Macao SAR, China",1,0,1
2003,"Taiwan, China",671,84,506
2003,Colombia,1,0,1
2003,Finland,1,0,1
2003,France,7,0,6
2003,Germany,10,0,9
2003,India,3,0,3
2003,Indonesia,2,0,2
2003,Italy,4,0,4
2003,Kuwait,1,0,1
2003,Malaysia,5,2,3
2003,Mongolia,9,0,9
2003,New Zealand,1,0,1
2003,Philippines,14,2,12
2003,Republic of Ireland,1,0,1
2003,Republic of Korea,3,0,3
2003,Romania,1,0,1
2003,Russian Federation,1,0,0
2003,Singapore,206,32,172
2003,South Africa,1,1,0
2003,Spain,1,0,1
2003,Sweden,3,0,3
2003,Switzerland,1,0,1
2003,Thailand,9,2,7
2003,United Kingdom,4,0,4
2003,United States,75,0,67
2003,Viet Nam,63,5,58
2003,Brazil,1,0,1
2003,Canada,250,38,194
2003,China,5327,348,4941
2003,"Hong Kong SAR, China",1755,298,1433
2003,"Macao SAR, China",1,0,1
2003,"Taiwan, China",671,84,507
2003,Colombia,1,0,1
2003,Finland,1,0,1
2003,France,7,1,6
2003,Germany,10,0,9
2003,India,3,0,3
2003,Indonesia,2,0,2
2003,Italy,4,0,4
2003,Kuwait,1,0,1
2003,Malaysia,5,2,3
2003,Mongolia,9,0,9
2003,New Zealand,1,0,1
2003,Philippines,14,2,12
2003,Republic of Ireland,1,0,1
2003,Republic of Korea,3,0,3
2003,Romania,1,0,1
2003,Russian Federation,1,0,0
2003,Singapore,206,32,172
2003,South Africa,1,1,0
2003,Spain,1,0,1
2003,Sweden,3,0,3
2003,Switzerland,1,0,1
2003,Thailand,9,2,7
2003,United Kingdom,4,0,4
2003,United States,75,0,67
2003,Viet Nam,63,5,58
